algo,domain,problem,optimal solution,PAC_condition,expanded,generated,epsilon,delta,weight_search,search time(sec),stop cause,time_out
AWA*,blocks,probBLOCKS-4-0.pddl,6,ratio_based,14,42,0,0,3,0.1,U/max_g_min <= error,
AWA*,blocks,probBLOCKS-4-1.pddl,10,ratio_based,19,48,0,0,3,0.1,U/max_g_min <= error,
AWA*,blocks,probBLOCKS-4-2.pddl,6,ratio_based,20,53,0,0,3,0.1,U/max_g_min <= error,
AWA*,blocks,probBLOCKS-5-0.pddl,12,ratio_based,39,103,0,0,3,0.1,PAC,
AWA*,blocks,probBLOCKS-5-1.pddl,10,ratio_based,40,117,0,0,3,0.1,U/max_g_min <= error,
AWA*,blocks,probBLOCKS-5-2.pddl,16,ratio_based,207,632,0,0,3,0.1,PAC,
AWA*,blocks,probBLOCKS-6-0.pddl,12,ratio_based,42,123,0,0,3,0.1,U/max_g_min <= error,
AWA*,blocks,probBLOCKS-6-1.pddl,10,ratio_based,37,141,0,0,3,0.1,U/max_g_min <= error,
AWA*,blocks,probBLOCKS-6-2.pddl,20,ratio_based,838,2904,0,0,3,0.1,U/max_g_min <= error,
AWA*,blocks,probBLOCKS-7-0.pddl,20,ratio_based,232,848,0,0,3,0.1,U/max_g_min <= error,
AWA*,blocks,probBLOCKS-7-1.pddl,22,ratio_based,1368,5197,0,0,3,0.1,PAC,
AWA*,blocks,probBLOCKS-7-2.pddl,20,ratio_based,1744,6591,0,0,3,0.18,U/max_g_min <= error,
AWA*,blocks,probBLOCKS-8-0.pddl,18,ratio_based,1060,4121,0,0,3,0.14,U/max_g_min <= error,
AWA*,blocks,probBLOCKS-8-1.pddl,20,ratio_based,2204,8816,0,0,3,0.26,PAC,
AWA*,blocks,probBLOCKS-8-2.pddl,16,ratio_based,226,854,0,0,3,0.1,U/max_g_min <= error,
AWA*,blocks,probBLOCKS-9-0.pddl,30,ratio_based,100066,444860,0,0,3,224.36,U/max_g_min <= error,
AWA*,blocks,probBLOCKS-9-1.pddl,28,ratio_based,2657,10724,0,0,3,0.42,PAC,
AWA*,blocks,probBLOCKS-9-2.pddl,26,ratio_based,2726,11134,0,0,3,0.34,U/max_g_min <= error,
AWA*,blocks,probBLOCKS-10-1.pddl,32,ratio_based,125108,600373,0,0,3,280.14,U/max_g_min <= error,
AWA*,blocks,probBLOCKS-11-0.pddl,32,ratio_based,84010,393969,0,0,3,58.7,PAC,
AWA*,blocks,probBLOCKS-12-1.pddl,34,ratio_based,62685,285058,0,0,3,93.68,U/max_g_min <= error,
AWA*,blocks,probBLOCKS-4-0.pddl,6,ratio_based,14,42,0,0.1,3,0.1,U/max_g_min <= error,
AWA*,blocks,probBLOCKS-4-1.pddl,10,ratio_based,19,48,0,0.1,3,0.1,U/max_g_min <= error,
AWA*,blocks,probBLOCKS-4-2.pddl,6,ratio_based,20,53,0,0.1,3,0.1,U/max_g_min <= error,
AWA*,blocks,probBLOCKS-5-0.pddl,12,ratio_based,39,103,0,0.1,3,0.1,PAC,
AWA*,blocks,probBLOCKS-5-1.pddl,10,ratio_based,40,117,0,0.1,3,0.1,U/max_g_min <= error,
AWA*,blocks,probBLOCKS-5-2.pddl,16,ratio_based,207,632,0,0.1,3,0.1,PAC,
AWA*,blocks,probBLOCKS-6-0.pddl,12,ratio_based,42,123,0,0.1,3,0.1,U/max_g_min <= error,
AWA*,blocks,probBLOCKS-6-1.pddl,10,ratio_based,37,141,0,0.1,3,0.1,U/max_g_min <= error,
AWA*,blocks,probBLOCKS-6-2.pddl,20,ratio_based,838,2904,0,0.1,3,0.1,U/max_g_min <= error,
AWA*,blocks,probBLOCKS-7-0.pddl,20,ratio_based,232,848,0,0.1,3,0.1,U/max_g_min <= error,
AWA*,blocks,probBLOCKS-7-1.pddl,22,ratio_based,1368,5197,0,0.1,3,0.14,PAC,
AWA*,blocks,probBLOCKS-7-2.pddl,20,ratio_based,1744,6591,0,0.1,3,0.22,U/max_g_min <= error,
AWA*,blocks,probBLOCKS-8-0.pddl,18,ratio_based,1060,4121,0,0.1,3,0.16,U/max_g_min <= error,
AWA*,blocks,probBLOCKS-8-1.pddl,20,ratio_based,2204,8816,0,0.1,3,0.36,PAC,
AWA*,blocks,probBLOCKS-8-2.pddl,16,ratio_based,226,854,0,0.1,3,0.1,U/max_g_min <= error,
AWA*,blocks,probBLOCKS-9-0.pddl,30,ratio_based,100066,444860,0,0.1,3,269.06,U/max_g_min <= error,
AWA*,blocks,probBLOCKS-9-1.pddl,28,ratio_based,2657,10724,0,0.1,3,0.58,PAC,
AWA*,blocks,probBLOCKS-9-2.pddl,26,ratio_based,2726,11134,0,0.1,3,0.34,U/max_g_min <= error,
AWA*,blocks,probBLOCKS-11-0.pddl,32,ratio_based,84010,393969,0,0.1,3,74.56,PAC,
AWA*,blocks,probBLOCKS-12-1.pddl,34,ratio_based,62685,285058,0,0.1,3,99.08,U/max_g_min <= error,
AWA*,blocks,probBLOCKS-4-0.pddl,6,ratio_based,7,22,0,0.2,3,0.1,PAC,
AWA*,blocks,probBLOCKS-4-1.pddl,10,ratio_based,19,48,0,0.2,3,0.1,U/max_g_min <= error,
AWA*,blocks,probBLOCKS-4-2.pddl,6,ratio_based,13,35,0,0.2,3,0.1,PAC,
AWA*,blocks,probBLOCKS-5-0.pddl,12,ratio_based,39,103,0,0.2,3,0.1,PAC,
AWA*,blocks,probBLOCKS-5-1.pddl,10,ratio_based,40,117,0,0.2,3,0.1,U/max_g_min <= error,
AWA*,blocks,probBLOCKS-5-2.pddl,16,ratio_based,207,632,0,0.2,3,0.1,PAC,
AWA*,blocks,probBLOCKS-6-0.pddl,12,ratio_based,31,91,0,0.2,3,0.1,PAC,
AWA*,blocks,probBLOCKS-6-1.pddl,10,ratio_based,16,59,0,0.2,3,0.1,PAC,
AWA*,blocks,probBLOCKS-6-2.pddl,20,ratio_based,838,2904,0,0.2,3,0.1,U/max_g_min <= error,
AWA*,blocks,probBLOCKS-7-0.pddl,20,ratio_based,232,848,0,0.2,3,0.1,U/max_g_min <= error,
AWA*,blocks,probBLOCKS-7-1.pddl,22,ratio_based,1368,5197,0,0.2,3,0.1,PAC,
AWA*,blocks,probBLOCKS-7-2.pddl,20,ratio_based,1744,6591,0,0.2,3,0.2,U/max_g_min <= error,
AWA*,blocks,probBLOCKS-8-0.pddl,18,ratio_based,1060,4121,0,0.2,3,0.18,U/max_g_min <= error,
AWA*,blocks,probBLOCKS-8-1.pddl,20,ratio_based,2204,8816,0,0.2,3,0.26,PAC,
AWA*,blocks,probBLOCKS-8-2.pddl,18,ratio_based,82,297,0,0.2,3,0.1,PAC,
AWA*,blocks,probBLOCKS-9-0.pddl,30,ratio_based,100066,444860,0,0.2,3,285.62,U/max_g_min <= error,
AWA*,blocks,probBLOCKS-9-1.pddl,28,ratio_based,2657,10724,0,0.2,3,0.48,PAC,
AWA*,blocks,probBLOCKS-9-2.pddl,26,ratio_based,2726,11134,0,0.2,3,0.46,U/max_g_min <= error,
AWA*,blocks,probBLOCKS-11-0.pddl,32,ratio_based,84010,393969,0,0.2,3,82.52,PAC,
AWA*,blocks,probBLOCKS-12-1.pddl,34,ratio_based,62685,285058,0,0.2,3,108.62,U/max_g_min <= error,
AWA*,blocks,probBLOCKS-4-0.pddl,6,ratio_based,7,22,0,0.5,3,0.1,PAC,
AWA*,blocks,probBLOCKS-4-1.pddl,10,ratio_based,19,48,0,0.5,3,0.1,U/max_g_min <= error,
AWA*,blocks,probBLOCKS-4-2.pddl,6,ratio_based,13,35,0,0.5,3,0.1,PAC,
AWA*,blocks,probBLOCKS-5-0.pddl,12,ratio_based,24,61,0,0.5,3,0.1,PAC,
AWA*,blocks,probBLOCKS-5-1.pddl,10,ratio_based,24,66,0,0.5,3,0.1,PAC,
AWA*,blocks,probBLOCKS-5-2.pddl,16,ratio_based,207,632,0,0.5,3,0.1,PAC,
AWA*,blocks,probBLOCKS-6-0.pddl,12,ratio_based,31,91,0,0.5,3,0.1,PAC,
AWA*,blocks,probBLOCKS-6-1.pddl,10,ratio_based,16,59,0,0.5,3,0.1,PAC,
AWA*,blocks,probBLOCKS-6-2.pddl,20,ratio_based,838,2904,0,0.5,3,0.1,U/max_g_min <= error,
AWA*,blocks,probBLOCKS-7-0.pddl,20,ratio_based,232,848,0,0.5,3,0.1,U/max_g_min <= error,
AWA*,blocks,probBLOCKS-7-1.pddl,22,ratio_based,1368,5197,0,0.5,3,0.1,PAC,
AWA*,blocks,probBLOCKS-7-2.pddl,20,ratio_based,1744,6591,0,0.5,3,0.24,U/max_g_min <= error,
AWA*,blocks,probBLOCKS-8-0.pddl,18,ratio_based,614,2315,0,0.5,3,0.1,PAC,
AWA*,blocks,probBLOCKS-8-1.pddl,20,ratio_based,2204,8816,0,0.5,3,0.32,PAC,
AWA*,blocks,probBLOCKS-8-2.pddl,18,ratio_based,82,297,0,0.5,3,0.1,PAC,
AWA*,blocks,probBLOCKS-9-1.pddl,28,ratio_based,2657,10724,0,0.5,3,0.54,PAC,
AWA*,blocks,probBLOCKS-9-2.pddl,26,ratio_based,2726,11134,0,0.5,3,0.38,U/max_g_min <= error,
AWA*,blocks,probBLOCKS-11-0.pddl,32,ratio_based,84010,393969,0,0.5,3,94.48,PAC,
AWA*,blocks,probBLOCKS-12-1.pddl,34,ratio_based,62685,285058,0,0.5,3,107.58,U/max_g_min <= error,
AWA*,blocks,probBLOCKS-4-0.pddl,6,ratio_based,7,22,0.1,0,3,0.1,PAC,
AWA*,blocks,probBLOCKS-4-1.pddl,10,ratio_based,19,48,0.1,0,3,0.1,U/max_g_min <= error,
AWA*,blocks,probBLOCKS-4-2.pddl,6,ratio_based,13,35,0.1,0,3,0.1,PAC,
AWA*,blocks,probBLOCKS-5-0.pddl,12,ratio_based,39,103,0.1,0,3,0.1,PAC,
AWA*,blocks,probBLOCKS-5-1.pddl,10,ratio_based,40,117,0.1,0,3,0.1,U/max_g_min <= error,
AWA*,blocks,probBLOCKS-5-2.pddl,16,ratio_based,207,632,0.1,0,3,0.1,PAC,
AWA*,blocks,probBLOCKS-6-0.pddl,12,ratio_based,42,123,0.1,0,3,0.1,U/max_g_min <= error,
AWA*,blocks,probBLOCKS-6-1.pddl,10,ratio_based,16,59,0.1,0,3,0.1,PAC,
AWA*,blocks,probBLOCKS-6-2.pddl,20,ratio_based,824,2861,0.1,0,3,0.1,U/max_g_min <= error,
AWA*,blocks,probBLOCKS-7-0.pddl,20,ratio_based,232,848,0.1,0,3,0.1,U/max_g_min <= error,
AWA*,blocks,probBLOCKS-7-1.pddl,22,ratio_based,1304,5001,0.1,0,3,0.14,U/max_g_min <= error,
AWA*,blocks,probBLOCKS-7-2.pddl,20,ratio_based,1744,6591,0.1,0,3,0.24,U/max_g_min <= error,
AWA*,blocks,probBLOCKS-8-0.pddl,18,ratio_based,845,3258,0.1,0,3,0.1,U/max_g_min <= error,
AWA*,blocks,probBLOCKS-8-1.pddl,20,ratio_based,2204,8816,0.1,0,3,0.26,PAC,
AWA*,blocks,probBLOCKS-8-2.pddl,16,ratio_based,215,815,0.1,0,3,0.1,U/max_g_min <= error,
AWA*,blocks,probBLOCKS-9-1.pddl,28,ratio_based,2657,10724,0.1,0,3,0.48,PAC,
AWA*,blocks,probBLOCKS-9-2.pddl,26,ratio_based,2680,10971,0.1,0,3,0.52,U/max_g_min <= error,
AWA*,blocks,probBLOCKS-11-0.pddl,32,ratio_based,83101,389920,0.1,0,3,94.88,U/max_g_min <= error,
AWA*,blocks,probBLOCKS-12-1.pddl,34,ratio_based,60342,274445,0.1,0,3,109.04,U/max_g_min <= error,
AWA*,blocks,probBLOCKS-4-0.pddl,6,ratio_based,7,22,0.1,0.1,3,0.1,PAC,
AWA*,blocks,probBLOCKS-4-1.pddl,10,ratio_based,19,48,0.1,0.1,3,0.1,U/max_g_min <= error,
AWA*,blocks,probBLOCKS-4-2.pddl,6,ratio_based,13,35,0.1,0.1,3,0.1,PAC,
AWA*,blocks,probBLOCKS-5-0.pddl,12,ratio_based,39,103,0.1,0.1,3,0.1,PAC,
AWA*,blocks,probBLOCKS-5-1.pddl,10,ratio_based,40,117,0.1,0.1,3,0.1,U/max_g_min <= error,
AWA*,blocks,probBLOCKS-5-2.pddl,16,ratio_based,207,632,0.1,0.1,3,0.1,PAC,
AWA*,blocks,probBLOCKS-6-0.pddl,12,ratio_based,42,123,0.1,0.1,3,0.1,U/max_g_min <= error,
AWA*,blocks,probBLOCKS-6-1.pddl,10,ratio_based,16,59,0.1,0.1,3,0.1,PAC,
AWA*,blocks,probBLOCKS-6-2.pddl,20,ratio_based,824,2861,0.1,0.1,3,0.1,U/max_g_min <= error,
AWA*,blocks,probBLOCKS-7-0.pddl,20,ratio_based,232,848,0.1,0.1,3,0.1,U/max_g_min <= error,
AWA*,blocks,probBLOCKS-7-1.pddl,22,ratio_based,1304,5001,0.1,0.1,3,0.14,U/max_g_min <= error,
AWA*,blocks,probBLOCKS-7-2.pddl,20,ratio_based,1744,6591,0.1,0.1,3,0.22,U/max_g_min <= error,
AWA*,blocks,probBLOCKS-8-0.pddl,18,ratio_based,845,3258,0.1,0.1,3,0.12,U/max_g_min <= error,
AWA*,blocks,probBLOCKS-8-1.pddl,20,ratio_based,2204,8816,0.1,0.1,3,0.36,PAC,
AWA*,blocks,probBLOCKS-8-2.pddl,16,ratio_based,215,815,0.1,0.1,3,0.1,U/max_g_min <= error,
AWA*,blocks,probBLOCKS-9-0.pddl,30,ratio_based,100066,444860,0.1,0.1,3,298.12,U/max_g_min <= error,
AWA*,blocks,probBLOCKS-9-1.pddl,28,ratio_based,2657,10724,0.1,0.1,3,0.56,PAC,
AWA*,blocks,probBLOCKS-9-2.pddl,26,ratio_based,2680,10971,0.1,0.1,3,0.5,U/max_g_min <= error,
AWA*,blocks,probBLOCKS-11-0.pddl,32,ratio_based,83101,389920,0.1,0.1,3,94.06,U/max_g_min <= error,
AWA*,blocks,probBLOCKS-12-1.pddl,34,ratio_based,60342,274445,0.1,0.1,3,104.98,U/max_g_min <= error,
AWA*,blocks,probBLOCKS-4-0.pddl,6,ratio_based,7,22,0.1,0.2,3,0.1,PAC,
AWA*,blocks,probBLOCKS-4-1.pddl,10,ratio_based,19,48,0.1,0.2,3,0.1,U/max_g_min <= error,
AWA*,blocks,probBLOCKS-4-2.pddl,6,ratio_based,13,35,0.1,0.2,3,0.1,PAC,
AWA*,blocks,probBLOCKS-5-0.pddl,12,ratio_based,39,103,0.1,0.2,3,0.1,PAC,
AWA*,blocks,probBLOCKS-5-1.pddl,10,ratio_based,24,66,0.1,0.2,3,0.1,PAC,
AWA*,blocks,probBLOCKS-5-2.pddl,16,ratio_based,207,632,0.1,0.2,3,0.1,PAC,
AWA*,blocks,probBLOCKS-6-0.pddl,12,ratio_based,31,91,0.1,0.2,3,0.1,PAC,
AWA*,blocks,probBLOCKS-6-1.pddl,10,ratio_based,16,59,0.1,0.2,3,0.1,PAC,
AWA*,blocks,probBLOCKS-6-2.pddl,20,ratio_based,824,2861,0.1,0.2,3,0.1,U/max_g_min <= error,
AWA*,blocks,probBLOCKS-7-0.pddl,20,ratio_based,232,848,0.1,0.2,3,0.1,U/max_g_min <= error,
AWA*,blocks,probBLOCKS-7-1.pddl,22,ratio_based,1304,5001,0.1,0.2,3,0.12,U/max_g_min <= error,
AWA*,blocks,probBLOCKS-7-2.pddl,20,ratio_based,1744,6591,0.1,0.2,3,0.22,U/max_g_min <= error,
AWA*,blocks,probBLOCKS-8-0.pddl,18,ratio_based,614,2315,0.1,0.2,3,0.12,PAC,
AWA*,blocks,probBLOCKS-8-1.pddl,20,ratio_based,2204,8816,0.1,0.2,3,0.3,PAC,
AWA*,blocks,probBLOCKS-8-2.pddl,18,ratio_based,82,297,0.1,0.2,3,0.1,PAC,
AWA*,blocks,probBLOCKS-9-0.pddl,30,ratio_based,100066,444860,0.1,0.2,3,298.72,U/max_g_min <= error,
AWA*,blocks,probBLOCKS-9-1.pddl,28,ratio_based,2657,10724,0.1,0.2,3,0.48,PAC,
AWA*,blocks,probBLOCKS-9-2.pddl,26,ratio_based,2680,10971,0.1,0.2,3,0.34,U/max_g_min <= error,
AWA*,blocks,probBLOCKS-11-0.pddl,32,ratio_based,83101,389920,0.1,0.2,3,92.08,U/max_g_min <= error,
AWA*,blocks,probBLOCKS-12-1.pddl,34,ratio_based,60342,274445,0.1,0.2,3,108.82,U/max_g_min <= error,
AWA*,blocks,probBLOCKS-4-0.pddl,6,ratio_based,7,22,0.1,0.5,3,0.1,PAC,
AWA*,blocks,probBLOCKS-4-1.pddl,10,ratio_based,19,48,0.1,0.5,3,0.1,U/max_g_min <= error,
AWA*,blocks,probBLOCKS-4-2.pddl,6,ratio_based,13,35,0.1,0.5,3,0.1,PAC,
AWA*,blocks,probBLOCKS-5-0.pddl,12,ratio_based,24,61,0.1,0.5,3,0.1,PAC,
AWA*,blocks,probBLOCKS-5-1.pddl,10,ratio_based,24,66,0.1,0.5,3,0.1,PAC,
AWA*,blocks,probBLOCKS-5-2.pddl,16,ratio_based,207,632,0.1,0.5,3,0.1,PAC,
AWA*,blocks,probBLOCKS-6-0.pddl,12,ratio_based,31,91,0.1,0.5,3,0.1,PAC,
AWA*,blocks,probBLOCKS-6-1.pddl,10,ratio_based,16,59,0.1,0.5,3,0.1,PAC,
AWA*,blocks,probBLOCKS-6-2.pddl,20,ratio_based,824,2861,0.1,0.5,3,0.1,U/max_g_min <= error,
AWA*,blocks,probBLOCKS-7-0.pddl,20,ratio_based,202,736,0.1,0.5,3,0.1,PAC,
AWA*,blocks,probBLOCKS-7-1.pddl,22,ratio_based,1304,5001,0.1,0.5,3,0.1,U/max_g_min <= error,
AWA*,blocks,probBLOCKS-7-2.pddl,20,ratio_based,1744,6591,0.1,0.5,3,0.2,U/max_g_min <= error,
AWA*,blocks,probBLOCKS-8-0.pddl,20,ratio_based,588,2232,0.1,0.5,3,0.1,PAC,
AWA*,blocks,probBLOCKS-8-1.pddl,20,ratio_based,1005,3759,0.1,0.5,3,0.12,PAC,
AWA*,blocks,probBLOCKS-8-2.pddl,18,ratio_based,82,297,0.1,0.5,3,0.1,PAC,
AWA*,blocks,probBLOCKS-9-0.pddl,30,ratio_based,100066,444860,0.1,0.5,3,295.26,U/max_g_min <= error,
AWA*,blocks,probBLOCKS-9-1.pddl,28,ratio_based,2657,10724,0.1,0.5,3,0.38,PAC,
AWA*,blocks,probBLOCKS-9-2.pddl,28,ratio_based,2095,8454,0.1,0.5,3,0.42,PAC,
AWA*,blocks,probBLOCKS-11-0.pddl,32,ratio_based,83101,389920,0.1,0.5,3,84.02,U/max_g_min <= error,
AWA*,blocks,probBLOCKS-11-1.pddl,32,ratio_based,26763,125467,0.1,0.5,3,28.76,PAC,
AWA*,blocks,probBLOCKS-12-1.pddl,36,ratio_based,38740,169244,0.1,0.5,3,88.66,PAC,
AWA*,blocks,probBLOCKS-4-0.pddl,6,ratio_based,7,22,0.2,0,3,0.1,PAC,
AWA*,blocks,probBLOCKS-4-1.pddl,10,ratio_based,19,48,0.2,0,3,0.1,U/max_g_min <= error,
AWA*,blocks,probBLOCKS-4-2.pddl,6,ratio_based,13,35,0.2,0,3,0.1,PAC,
AWA*,blocks,probBLOCKS-5-0.pddl,12,ratio_based,39,103,0.2,0,3,0.1,PAC,
AWA*,blocks,probBLOCKS-5-1.pddl,10,ratio_based,40,117,0.2,0,3,0.1,U/max_g_min <= error,
AWA*,blocks,probBLOCKS-5-2.pddl,16,ratio_based,207,632,0.2,0,3,0.1,PAC,
AWA*,blocks,probBLOCKS-6-0.pddl,12,ratio_based,31,91,0.2,0,3,0.1,PAC,
AWA*,blocks,probBLOCKS-6-1.pddl,10,ratio_based,16,59,0.2,0,3,0.1,PAC,
AWA*,blocks,probBLOCKS-6-2.pddl,20,ratio_based,824,2861,0.2,0,3,0.1,U/max_g_min <= error,
AWA*,blocks,probBLOCKS-7-0.pddl,22,ratio_based,149,515,0.2,0,3,0.1,U/max_g_min <= error,
AWA*,blocks,probBLOCKS-7-1.pddl,22,ratio_based,1304,5001,0.2,0,3,0.14,U/max_g_min <= error,
AWA*,blocks,probBLOCKS-7-2.pddl,20,ratio_based,1744,6591,0.2,0,3,0.2,U/max_g_min <= error,
AWA*,blocks,probBLOCKS-8-0.pddl,18,ratio_based,845,3258,0.2,0,3,0.12,U/max_g_min <= error,
AWA*,blocks,probBLOCKS-8-1.pddl,20,ratio_based,1639,6479,0.2,0,3,0.2,U/max_g_min <= error,
AWA*,blocks,probBLOCKS-8-2.pddl,16,ratio_based,215,815,0.2,0,3,0.1,U/max_g_min <= error,
AWA*,blocks,probBLOCKS-9-0.pddl,32,ratio_based,59573,259007,0.2,0,3,196.04,U/max_g_min <= error,
AWA*,blocks,probBLOCKS-9-1.pddl,28,ratio_based,2657,10724,0.2,0,3,0.5,PAC,
AWA*,blocks,probBLOCKS-9-2.pddl,26,ratio_based,2680,10971,0.2,0,3,0.5,U/max_g_min <= error,
AWA*,blocks,probBLOCKS-10-1.pddl,32,ratio_based,105947,510729,0.2,0,3,281.2,U/max_g_min <= error,
AWA*,blocks,probBLOCKS-11-0.pddl,32,ratio_based,57885,272587,0.2,0,3,54.72,U/max_g_min <= error,
AWA*,blocks,probBLOCKS-12-1.pddl,34,ratio_based,56736,258378,0.2,0,3,94.6,U/max_g_min <= error,
AWA*,blocks,probBLOCKS-4-0.pddl,6,ratio_based,7,22,0.2,0.1,3,0.1,PAC,
AWA*,blocks,probBLOCKS-4-1.pddl,10,ratio_based,19,48,0.2,0.1,3,0.1,U/max_g_min <= error,
AWA*,blocks,probBLOCKS-4-2.pddl,6,ratio_based,13,35,0.2,0.1,3,0.1,PAC,
AWA*,blocks,probBLOCKS-5-0.pddl,12,ratio_based,39,103,0.2,0.1,3,0.1,PAC,
AWA*,blocks,probBLOCKS-5-1.pddl,10,ratio_based,40,117,0.2,0.1,3,0.1,U/max_g_min <= error,
AWA*,blocks,probBLOCKS-5-2.pddl,16,ratio_based,207,632,0.2,0.1,3,0.1,PAC,
AWA*,blocks,probBLOCKS-6-0.pddl,12,ratio_based,31,91,0.2,0.1,3,0.1,PAC,
AWA*,blocks,probBLOCKS-6-1.pddl,10,ratio_based,16,59,0.2,0.1,3,0.1,PAC,
AWA*,blocks,probBLOCKS-6-2.pddl,20,ratio_based,824,2861,0.2,0.1,3,0.1,U/max_g_min <= error,
AWA*,blocks,probBLOCKS-7-0.pddl,22,ratio_based,149,515,0.2,0.1,3,0.1,U/max_g_min <= error,
AWA*,blocks,probBLOCKS-7-1.pddl,22,ratio_based,1304,5001,0.2,0.1,3,0.14,U/max_g_min <= error,
AWA*,blocks,probBLOCKS-7-2.pddl,20,ratio_based,1744,6591,0.2,0.1,3,0.2,U/max_g_min <= error,
AWA*,blocks,probBLOCKS-8-0.pddl,18,ratio_based,845,3258,0.2,0.1,3,0.16,U/max_g_min <= error,
AWA*,blocks,probBLOCKS-8-1.pddl,20,ratio_based,1639,6479,0.2,0.1,3,0.26,U/max_g_min <= error,
AWA*,blocks,probBLOCKS-8-2.pddl,16,ratio_based,215,815,0.2,0.1,3,0.1,U/max_g_min <= error,
AWA*,blocks,probBLOCKS-9-0.pddl,32,ratio_based,59573,259007,0.2,0.1,3,198.08,U/max_g_min <= error,
AWA*,blocks,probBLOCKS-9-1.pddl,28,ratio_based,2657,10724,0.2,0.1,3,0.48,PAC,
AWA*,blocks,probBLOCKS-9-2.pddl,26,ratio_based,2680,10971,0.2,0.1,3,0.48,U/max_g_min <= error,
AWA*,blocks,probBLOCKS-11-0.pddl,32,ratio_based,57885,272587,0.2,0.1,3,58.42,U/max_g_min <= error,
AWA*,blocks,probBLOCKS-12-1.pddl,34,ratio_based,56736,258378,0.2,0.1,3,104.64,U/max_g_min <= error,
AWA*,blocks,probBLOCKS-4-0.pddl,6,ratio_based,7,22,0.2,0.2,3,0.1,PAC,
AWA*,blocks,probBLOCKS-4-1.pddl,10,ratio_based,19,48,0.2,0.2,3,0.1,U/max_g_min <= error,
AWA*,blocks,probBLOCKS-4-2.pddl,6,ratio_based,13,35,0.2,0.2,3,0.1,PAC,
AWA*,blocks,probBLOCKS-5-0.pddl,12,ratio_based,24,61,0.2,0.2,3,0.1,PAC,
AWA*,blocks,probBLOCKS-5-1.pddl,10,ratio_based,24,66,0.2,0.2,3,0.1,PAC,
AWA*,blocks,probBLOCKS-5-2.pddl,16,ratio_based,207,632,0.2,0.2,3,0.1,PAC,
AWA*,blocks,probBLOCKS-6-0.pddl,12,ratio_based,31,91,0.2,0.2,3,0.1,PAC,
AWA*,blocks,probBLOCKS-6-1.pddl,10,ratio_based,16,59,0.2,0.2,3,0.1,PAC,
AWA*,blocks,probBLOCKS-6-2.pddl,20,ratio_based,824,2861,0.2,0.2,3,0.1,U/max_g_min <= error,
AWA*,blocks,probBLOCKS-7-0.pddl,22,ratio_based,149,515,0.2,0.2,3,0.1,U/max_g_min <= error,
AWA*,blocks,probBLOCKS-7-1.pddl,22,ratio_based,1304,5001,0.2,0.2,3,0.1,U/max_g_min <= error,
AWA*,blocks,probBLOCKS-7-2.pddl,20,ratio_based,1744,6591,0.2,0.2,3,0.24,U/max_g_min <= error,
AWA*,blocks,probBLOCKS-8-0.pddl,20,ratio_based,588,2232,0.2,0.2,3,0.1,PAC,
AWA*,blocks,probBLOCKS-8-1.pddl,20,ratio_based,1005,3759,0.2,0.2,3,0.16,PAC,
AWA*,blocks,probBLOCKS-8-2.pddl,18,ratio_based,82,297,0.2,0.2,3,0.1,PAC,
AWA*,blocks,probBLOCKS-9-0.pddl,32,ratio_based,59573,259007,0.2,0.2,3,200.22,U/max_g_min <= error,
AWA*,blocks,probBLOCKS-9-1.pddl,28,ratio_based,2657,10724,0.2,0.2,3,0.6,PAC,
AWA*,blocks,probBLOCKS-9-2.pddl,26,ratio_based,2148,8640,0.2,0.2,3,0.42,PAC,
AWA*,blocks,probBLOCKS-11-0.pddl,32,ratio_based,57885,272587,0.2,0.2,3,56.9,U/max_g_min <= error,
AWA*,blocks,probBLOCKS-11-1.pddl,32,ratio_based,26763,125467,0.2,0.2,3,26.82,PAC,
AWA*,blocks,probBLOCKS-12-1.pddl,34,ratio_based,55563,252240,0.2,0.2,3,105.08,PAC,
AWA*,blocks,probBLOCKS-4-0.pddl,6,ratio_based,7,22,0.2,0.5,3,0.1,PAC,
AWA*,blocks,probBLOCKS-4-1.pddl,10,ratio_based,12,30,0.2,0.5,3,0.1,PAC,
AWA*,blocks,probBLOCKS-4-2.pddl,6,ratio_based,13,35,0.2,0.5,3,0.1,PAC,
AWA*,blocks,probBLOCKS-5-0.pddl,12,ratio_based,24,61,0.2,0.5,3,0.1,PAC,
AWA*,blocks,probBLOCKS-5-1.pddl,10,ratio_based,24,66,0.2,0.5,3,0.1,PAC,
AWA*,blocks,probBLOCKS-5-2.pddl,16,ratio_based,149,440,0.2,0.5,3,0.1,PAC,
AWA*,blocks,probBLOCKS-6-0.pddl,12,ratio_based,31,91,0.2,0.5,3,0.1,PAC,
AWA*,blocks,probBLOCKS-6-1.pddl,10,ratio_based,16,59,0.2,0.5,3,0.1,PAC,
AWA*,blocks,probBLOCKS-6-2.pddl,20,ratio_based,824,2861,0.2,0.5,3,0.1,U/max_g_min <= error,
AWA*,blocks,probBLOCKS-7-0.pddl,22,ratio_based,72,243,0.2,0.5,3,0.1,PAC,
AWA*,blocks,probBLOCKS-7-1.pddl,22,ratio_based,1304,5001,0.2,0.5,3,0.12,U/max_g_min <= error,
AWA*,blocks,probBLOCKS-7-2.pddl,20,ratio_based,1116,4077,0.2,0.5,3,0.1,PAC,
AWA*,blocks,probBLOCKS-8-0.pddl,22,ratio_based,569,2184,0.2,0.5,3,0.1,PAC,
AWA*,blocks,probBLOCKS-8-1.pddl,20,ratio_based,1005,3759,0.2,0.5,3,0.1,PAC,
AWA*,blocks,probBLOCKS-8-2.pddl,18,ratio_based,82,297,0.2,0.5,3,0.1,PAC,
AWA*,blocks,probBLOCKS-9-0.pddl,32,ratio_based,59573,259007,0.2,0.5,3,245.96,U/max_g_min <= error,
AWA*,blocks,probBLOCKS-9-1.pddl,28,ratio_based,2064,8211,0.2,0.5,3,0.38,PAC,
AWA*,blocks,probBLOCKS-9-2.pddl,30,ratio_based,888,3280,0.2,0.5,3,0.1,PAC,
AWA*,blocks,probBLOCKS-10-1.pddl,34,ratio_based,60741,284362,0.2,0.5,3,193.66,PAC,
AWA*,blocks,probBLOCKS-11-0.pddl,34,ratio_based,3467,14186,0.2,0.5,3,1.2,PAC,
AWA*,blocks,probBLOCKS-11-1.pddl,36,ratio_based,869,3555,0.2,0.5,3,0.28,PAC,
AWA*,blocks,probBLOCKS-12-1.pddl,38,ratio_based,37076,161515,0.2,0.5,3,93.26,PAC,
AWA*,blocks,probBLOCKS-4-0.pddl,6,ratio_based,7,22,0.5,0,3,0.1,PAC,
AWA*,blocks,probBLOCKS-4-1.pddl,10,ratio_based,19,48,0.5,0,3,0.1,U/max_g_min <= error,
AWA*,blocks,probBLOCKS-4-2.pddl,6,ratio_based,13,35,0.5,0,3,0.1,PAC,
AWA*,blocks,probBLOCKS-5-0.pddl,12,ratio_based,39,103,0.5,0,3,0.1,PAC,
AWA*,blocks,probBLOCKS-5-1.pddl,10,ratio_based,40,117,0.5,0,3,0.1,U/max_g_min <= error,
AWA*,blocks,probBLOCKS-5-2.pddl,16,ratio_based,207,632,0.5,0,3,0.1,PAC,
AWA*,blocks,probBLOCKS-6-0.pddl,12,ratio_based,31,91,0.5,0,3,0.1,PAC,
AWA*,blocks,probBLOCKS-6-1.pddl,10,ratio_based,16,59,0.5,0,3,0.1,PAC,
AWA*,blocks,probBLOCKS-6-2.pddl,24,ratio_based,196,612,0.5,0,3,0.1,U/max_g_min <= error,
AWA*,blocks,probBLOCKS-7-0.pddl,22,ratio_based,149,515,0.5,0,3,0.1,U/max_g_min <= error,
AWA*,blocks,probBLOCKS-7-1.pddl,22,ratio_based,473,1662,0.5,0,3,0.1,U/max_g_min <= error,
AWA*,blocks,probBLOCKS-7-2.pddl,20,ratio_based,1744,6591,0.5,0,3,0.2,U/max_g_min <= error,
AWA*,blocks,probBLOCKS-8-0.pddl,18,ratio_based,614,2315,0.5,0,3,0.1,PAC,
AWA*,blocks,probBLOCKS-8-1.pddl,20,ratio_based,1639,6479,0.5,0,3,0.26,U/max_g_min <= error,
AWA*,blocks,probBLOCKS-8-2.pddl,18,ratio_based,82,297,0.5,0,3,0.1,PAC,
AWA*,blocks,probBLOCKS-9-0.pddl,32,ratio_based,59573,259007,0.5,0,3,245.66,U/max_g_min <= error,
AWA*,blocks,probBLOCKS-9-1.pddl,32,ratio_based,1188,4561,0.5,0,3,0.24,U/max_g_min <= error,
AWA*,blocks,probBLOCKS-9-2.pddl,26,ratio_based,2680,10971,0.5,0,3,0.38,U/max_g_min <= error,
AWA*,blocks,probBLOCKS-10-1.pddl,36,ratio_based,29827,138083,0.5,0,3,69.88,U/max_g_min <= error,
AWA*,blocks,probBLOCKS-10-2.pddl,36,ratio_based,51367,232127,0.5,0,3,164.18,U/max_g_min <= error,
AWA*,blocks,probBLOCKS-11-0.pddl,32,ratio_based,18063,82002,0.5,0,3,9.06,U/max_g_min <= error,
AWA*,blocks,probBLOCKS-11-1.pddl,32,ratio_based,74605,368066,0.5,0,3,209.92,U/max_g_min <= error,
AWA*,blocks,probBLOCKS-11-2.pddl,36,ratio_based,42093,192552,0.5,0,3,164.7,U/max_g_min <= error,
AWA*,blocks,probBLOCKS-12-1.pddl,36,ratio_based,50806,229050,0.5,0,3,114.42,U/max_g_min <= error,
AWA*,blocks,probBLOCKS-4-0.pddl,6,ratio_based,7,22,0.5,0.1,3,0.1,PAC,
AWA*,blocks,probBLOCKS-4-1.pddl,10,ratio_based,19,48,0.5,0.1,3,0.1,U/max_g_min <= error,
AWA*,blocks,probBLOCKS-4-2.pddl,6,ratio_based,13,35,0.5,0.1,3,0.1,PAC,
AWA*,blocks,probBLOCKS-5-0.pddl,12,ratio_based,39,103,0.5,0.1,3,0.1,PAC,
AWA*,blocks,probBLOCKS-5-1.pddl,10,ratio_based,40,117,0.5,0.1,3,0.1,U/max_g_min <= error,
AWA*,blocks,probBLOCKS-5-2.pddl,16,ratio_based,207,632,0.5,0.1,3,0.1,PAC,
AWA*,blocks,probBLOCKS-6-0.pddl,12,ratio_based,31,91,0.5,0.1,3,0.1,PAC,
AWA*,blocks,probBLOCKS-6-1.pddl,10,ratio_based,16,59,0.5,0.1,3,0.1,PAC,
AWA*,blocks,probBLOCKS-6-2.pddl,24,ratio_based,196,612,0.5,0.1,3,0.1,U/max_g_min <= error,
AWA*,blocks,probBLOCKS-7-0.pddl,22,ratio_based,149,515,0.5,0.1,3,0.1,U/max_g_min <= error,
AWA*,blocks,probBLOCKS-7-1.pddl,22,ratio_based,473,1662,0.5,0.1,3,0.1,U/max_g_min <= error,
AWA*,blocks,probBLOCKS-7-2.pddl,20,ratio_based,1744,6591,0.5,0.1,3,0.18,U/max_g_min <= error,
AWA*,blocks,probBLOCKS-8-0.pddl,18,ratio_based,614,2315,0.5,0.1,3,0.1,PAC,
AWA*,blocks,probBLOCKS-8-1.pddl,20,ratio_based,1639,6479,0.5,0.1,3,0.24,U/max_g_min <= error,
AWA*,blocks,probBLOCKS-8-2.pddl,18,ratio_based,82,297,0.5,0.1,3,0.1,PAC,
AWA*,blocks,probBLOCKS-9-0.pddl,32,ratio_based,59573,259007,0.5,0.1,3,230.72,U/max_g_min <= error,
AWA*,blocks,probBLOCKS-9-1.pddl,32,ratio_based,1188,4561,0.5,0.1,3,0.18,U/max_g_min <= error,
AWA*,blocks,probBLOCKS-9-2.pddl,26,ratio_based,2680,10971,0.5,0.1,3,0.4,U/max_g_min <= error,
AWA*,blocks,probBLOCKS-10-1.pddl,36,ratio_based,29827,138083,0.5,0.1,3,55.34,U/max_g_min <= error,
AWA*,blocks,probBLOCKS-10-2.pddl,36,ratio_based,51367,232127,0.5,0.1,3,164.56,U/max_g_min <= error,
AWA*,blocks,probBLOCKS-11-0.pddl,32,ratio_based,18063,82002,0.5,0.1,3,10.9,U/max_g_min <= error,
AWA*,blocks,probBLOCKS-11-1.pddl,32,ratio_based,74605,368066,0.5,0.1,3,196.2,U/max_g_min <= error,
AWA*,blocks,probBLOCKS-11-2.pddl,36,ratio_based,42093,192552,0.5,0.1,3,146.4,U/max_g_min <= error,
AWA*,blocks,probBLOCKS-12-1.pddl,36,ratio_based,50806,229050,0.5,0.1,3,129.74,U/max_g_min <= error,
AWA*,blocks,probBLOCKS-4-0.pddl,6,ratio_based,7,22,0.5,0.2,3,0.1,PAC,
AWA*,blocks,probBLOCKS-4-1.pddl,10,ratio_based,12,30,0.5,0.2,3,0.1,PAC,
AWA*,blocks,probBLOCKS-4-2.pddl,6,ratio_based,13,35,0.5,0.2,3,0.1,PAC,
AWA*,blocks,probBLOCKS-5-0.pddl,12,ratio_based,24,61,0.5,0.2,3,0.1,PAC,
AWA*,blocks,probBLOCKS-5-1.pddl,10,ratio_based,24,66,0.5,0.2,3,0.1,PAC,
AWA*,blocks,probBLOCKS-5-2.pddl,16,ratio_based,149,440,0.5,0.2,3,0.1,PAC,
AWA*,blocks,probBLOCKS-6-0.pddl,12,ratio_based,31,91,0.5,0.2,3,0.1,PAC,
AWA*,blocks,probBLOCKS-6-1.pddl,10,ratio_based,16,59,0.5,0.2,3,0.1,PAC,
AWA*,blocks,probBLOCKS-6-2.pddl,24,ratio_based,196,612,0.5,0.2,3,0.1,U/max_g_min <= error,
AWA*,blocks,probBLOCKS-7-0.pddl,22,ratio_based,72,243,0.5,0.2,3,0.1,PAC,
AWA*,blocks,probBLOCKS-7-1.pddl,24,ratio_based,139,428,0.5,0.2,3,0.1,PAC,
AWA*,blocks,probBLOCKS-7-2.pddl,24,ratio_based,852,3153,0.5,0.2,3,0.12,PAC,
AWA*,blocks,probBLOCKS-8-0.pddl,22,ratio_based,569,2184,0.5,0.2,3,0.1,PAC,
AWA*,blocks,probBLOCKS-8-1.pddl,24,ratio_based,319,1135,0.5,0.2,3,0.1,PAC,
AWA*,blocks,probBLOCKS-8-2.pddl,18,ratio_based,82,297,0.5,0.2,3,0.1,PAC,
AWA*,blocks,probBLOCKS-9-0.pddl,32,ratio_based,48370,205997,0.5,0.2,3,170.4,PAC,
AWA*,blocks,probBLOCKS-9-1.pddl,32,ratio_based,876,3282,0.5,0.2,3,0.2,PAC,
AWA*,blocks,probBLOCKS-9-2.pddl,32,ratio_based,523,1843,0.5,0.2,3,0.1,PAC,
AWA*,blocks,probBLOCKS-10-1.pddl,38,ratio_based,11739,50674,0.5,0.2,3,11.32,PAC,
AWA*,blocks,probBLOCKS-10-2.pddl,38,ratio_based,21637,94960,0.5,0.2,3,40.6,PAC,
AWA*,blocks,probBLOCKS-11-0.pddl,38,ratio_based,526,2025,0.5,0.2,3,0.14,PAC,
AWA*,blocks,probBLOCKS-11-1.pddl,40,ratio_based,783,3255,0.5,0.2,3,0.24,PAC,
AWA*,blocks,probBLOCKS-11-2.pddl,38,ratio_based,21876,97137,0.5,0.2,3,57.54,PAC,
AWA*,blocks,probBLOCKS-12-0.pddl,44,ratio_based,21314,103753,0.5,0.2,3,66.02,PAC,
AWA*,blocks,probBLOCKS-12-1.pddl,42,ratio_based,23235,97878,0.5,0.2,3,53.04,PAC,
AWA*,blocks,probBLOCKS-4-0.pddl,6,ratio_based,7,22,0.5,0.5,3,0.1,PAC,
AWA*,blocks,probBLOCKS-4-1.pddl,10,ratio_based,12,30,0.5,0.5,3,0.1,PAC,
AWA*,blocks,probBLOCKS-4-2.pddl,6,ratio_based,13,35,0.5,0.5,3,0.1,PAC,
AWA*,blocks,probBLOCKS-5-0.pddl,12,ratio_based,24,61,0.5,0.5,3,0.1,PAC,
AWA*,blocks,probBLOCKS-5-1.pddl,10,ratio_based,24,66,0.5,0.5,3,0.1,PAC,
AWA*,blocks,probBLOCKS-5-2.pddl,20,ratio_based,82,237,0.5,0.5,3,0.1,PAC,
AWA*,blocks,probBLOCKS-6-0.pddl,12,ratio_based,31,91,0.5,0.5,3,0.1,PAC,
AWA*,blocks,probBLOCKS-6-1.pddl,10,ratio_based,16,59,0.5,0.5,3,0.1,PAC,
AWA*,blocks,probBLOCKS-6-2.pddl,24,ratio_based,174,545,0.5,0.5,3,0.1,PAC,
AWA*,blocks,probBLOCKS-7-0.pddl,22,ratio_based,72,243,0.5,0.5,3,0.1,PAC,
AWA*,blocks,probBLOCKS-7-1.pddl,24,ratio_based,139,428,0.5,0.5,3,0.1,PAC,
AWA*,blocks,probBLOCKS-7-2.pddl,24,ratio_based,852,3153,0.5,0.5,3,0.1,PAC,
AWA*,blocks,probBLOCKS-8-0.pddl,22,ratio_based,569,2184,0.5,0.5,3,0.1,PAC,
AWA*,blocks,probBLOCKS-8-1.pddl,24,ratio_based,319,1135,0.5,0.5,3,0.1,PAC,
AWA*,blocks,probBLOCKS-8-2.pddl,18,ratio_based,82,297,0.5,0.5,3,0.1,PAC,
AWA*,blocks,probBLOCKS-9-0.pddl,36,ratio_based,22993,95479,0.5,0.5,3,63.22,PAC,
AWA*,blocks,probBLOCKS-9-1.pddl,34,ratio_based,490,1699,0.5,0.5,3,0.1,PAC,
AWA*,blocks,probBLOCKS-9-2.pddl,36,ratio_based,479,1702,0.5,0.5,3,0.1,PAC,
AWA*,blocks,probBLOCKS-10-0.pddl,40,ratio_based,7726,33110,0.5,0.5,3,5.66,PAC,
AWA*,blocks,probBLOCKS-10-1.pddl,42,ratio_based,6403,26776,0.5,0.5,3,3.44,PAC,
AWA*,blocks,probBLOCKS-10-2.pddl,42,ratio_based,2482,10595,0.5,0.5,3,0.96,PAC,
AWA*,blocks,probBLOCKS-11-0.pddl,38,ratio_based,526,2025,0.5,0.5,3,0.1,PAC,
AWA*,blocks,probBLOCKS-11-1.pddl,40,ratio_based,783,3255,0.5,0.5,3,0.24,PAC,
AWA*,blocks,probBLOCKS-11-2.pddl,42,ratio_based,16630,72785,0.5,0.5,3,40.1,PAC,
AWA*,blocks,probBLOCKS-12-0.pddl,48,ratio_based,20672,101122,0.5,0.5,3,70.94,PAC,
AWA*,blocks,probBLOCKS-12-1.pddl,46,ratio_based,16775,70017,0.5,0.5,3,36.96,PAC,
AWA*,blocks,probBLOCKS-14-0.pddl,56,ratio_based,11590,52173,0.5,0.5,3,24.94,PAC,
AWA*,blocks,probBLOCKS-16-2.pddl,62,ratio_based,21897,99222,0.5,0.5,3,72.38,PAC,
AWA*,blocks,probBLOCKS-17-0.pddl,72,ratio_based,24223,123885,0.5,0.5,3,87.56,PAC,
